CustomerID,SignupDate,UsageHours,MonthlyCharge,ContractType,Churn,Churn_Risk_Score
1001,2024-04-12,47,84.85545994867628,One-Year,0,0.08
1002,2024-12-14,7,100.36024546135549,One-Year,0,0.01
1003,2024-09-27,37,111.32044617073352,Monthly,0,0.05
1004,2024-04-16,10,92.75432885329883,One-Year,0,0.14
1005,2024-03-12,54,21.270210164493875,Monthly,0,0.0
1006,2024-07-07,14,62.439970071718946,Monthly,0,0.03
1007,2024-01-21,9,87.30251364001249,One-Year,1,0.72
1008,2024-04-12,27,31.422644888828337,One-Year,1,0.69
1009,2024-05-01,14,65.58150105719349,Two-Year,0,0.06
1010,2024-08-02,48,24.31640414287765,Two-Year,0,0.01
1011,2024-11-26,6,30.215204630152698,One-Year,0,0.7
1012,2024-03-28,17,71.60002590620749,Monthly,1,0.75
1013,2024-04-09,44,37.25304802559785,Monthly,0,0.06
1014,2024-12-25,6,93.78031027400256,Monthly,0,0.1
1015,2024-05-31,24,109.63044598784455,Monthly,1,0.84
1016,2024-05-10,5,124.07627088418077,Monthly,0,0.01
1017,2024-05-29,41,46.01953175182531,Two-Year,1,0.62
1018,2024-11-04,13,41.77273569367907,One-Year,0,0.02
1019,2024-09-14,21,33.59381924347203,Two-Year,0,0.19
1020,2024-12-09,13,102.73593244067277,Monthly,0,0.01
1021,2024-10-20,15,111.84184444329715,Monthly,1,0.68
1022,2024-07-10,19,24.106198827333465,Monthly,1,0.86
1023,2024-10-03,28,141.70759201167968,Monthly,0,0.03
1024,2024-06-09,42,26.756266874691413,One-Year,0,0.02
1025,2024-11-09,59,90.36852358913916,Monthly,0,0.28
1026,2024-01-22,39,112.17786752861913,One-Year,1,0.03
1027,2024-09-09,34,133.22598608699113,Monthly,0,0.07
1028,2024-08-23,35,112.83130117721561,One-Year,0,0.08
1029,2024-12-10,53,124.22465079907293,Two-Year,0,0.01
1030,2024-02-18,9,64.12852503056479,Monthly,1,0.67
1031,2024-02-28,48,125.9272647870466,One-Year,0,0.04
1032,2024-06-18,54,30.414930030007767,Two-Year,0,0.08
1033,2024-07-06,18,136.3261652878686,Monthly,0,0.02
1034,2024-09-27,57,91.18700889998571,Monthly,1,0.86
1035,2024-07-08,15,126.24871009512418,Monthly,0,0.07
1036,2024-06-23,13,78.80137698737902,One-Year,0,0.07
1037,2024-02-20,38,103.66510037554825,One-Year,1,0.59
1038,2024-12-29,16,88.43234592169472,Two-Year,0,0.1
1039,2024-02-24,39,115.10663782819314,One-Year,0,0.09
1040,2024-08-31,39,30.611897663976645,One-Year,0,0.17
1041,2024-11-15,5,27.845770918773294,Monthly,1,0.65
1042,2024-05-10,44,52.12342042131904,Monthly,0,0.04
1043,2024-11-02,26,40.740808414714486,Monthly,1,0.73
1044,2024-05-14,33,133.33186365698623,Monthly,0,0.16
1045,2024-01-21,12,48.497818356545764,Monthly,0,0.18
1046,2024-11-24,15,146.86248325648705,Monthly,0,0.04
1047,2024-06-15,45,63.79645293024389,Monthly,1,0.74
1048,2024-09-30,41,43.67532903953091,Two-Year,0,0.17
1049,2024-03-29,18,122.6608059285223,Two-Year,1,0.86
1050,2024-11-11,34,105.6320108151139,Two-Year,0,0.02
1051,2024-01-14,39,84.76544313890807,Two-Year,0,0.0
1052,2024-08-29,25,92.19726162189205,Monthly,0,0.05
1053,2024-09-21,41,113.4962311753943,Two-Year,1,0.64
1054,2024-12-11,9,49.69911637306883,Monthly,0,0.19
1055,2024-02-22,23,149.52340908737645,Two-Year,0,0.51
1056,2024-12-05,18,146.7231110790818,One-Year,0,0.12
1057,2024-04-01,30,104.5423392251018,Two-Year,1,0.65
1058,2024-09-20,8,45.940518620788865,Two-Year,0,0.05
1059,2024-02-04,29,108.42967151606787,Monthly,1,0.68
1060,2024-07-24,49,29.38579316729286,Two-Year,0,0.0
1061,2024-03-21,46,23.984825286754788,One-Year,0,0.0
1062,2024-02-19,29,53.498775506457775,Monthly,0,0.11
1063,2024-12-25,22,80.14098437611112,Monthly,1,0.66
1064,2024-01-02,44,132.87542570308946,Two-Year,1,0.13
1065,2024-02-23,12,114.53197906962004,Monthly,0,0.08
1066,2024-04-15,43,116.55184775599753,Monthly,0,0.06
1067,2024-09-16,44,75.3141334782498,Monthly,0,0.28
1068,2024-11-05,18,64.97154903110518,Monthly,0,0.56
1069,2024-07-09,36,68.23503918799835,Monthly,0,0.02
1070,2024-08-05,55,148.39444328568752,Monthly,0,0.22
1071,2024-02-13,42,25.214194883622724,One-Year,0,0.02
1072,2024-06-10,37,132.71409449591832,Two-Year,0,0.04
1073,2024-07-20,27,95.22780311441115,One-Year,0,0.23
1074,2024-09-26,19,77.02000449464677,Monthly,0,0.15
1075,2024-12-16,37,114.28349585396775,Monthly,0,0.0
1076,2024-10-30,29,83.26696238521137,Two-Year,0,0.12
1077,2024-09-27,21,133.54502095061588,One-Year,1,0.04
1078,2024-08-02,37,137.0912423214636,Two-Year,0,0.09
1079,2024-09-08,51,74.8237204935492,One-Year,0,0.04
1080,2024-07-08,59,55.9876136405567,Monthly,0,0.07
1081,2024-10-22,6,97.00554271713709,Two-Year,0,0.18
1082,2024-07-31,18,138.60723493016982,Two-Year,0,0.19
1083,2024-07-26,57,47.38608457073666,Monthly,0,0.07
1084,2024-08-24,44,100.98565586325276,Two-Year,1,0.69
1085,2024-12-03,44,102.10282861202768,One-Year,0,0.03
1086,2024-02-22,55,115.30469291398653,One-Year,0,0.04
1087,2024-10-06,43,37.10379906654377,One-Year,0,0.05
1088,2024-08-04,55,113.05724540867152,One-Year,0,0.02
1089,2024-09-08,10,138.17422768653333,Monthly,0,0.1
1090,2024-07-06,10,43.35880415313146,Two-Year,0,0.03
1091,2024-02-10,7,50.88063224010409,One-Year,0,0.06
1092,2024-06-05,11,146.28136222541315,Monthly,0,0.06
1093,2024-01-15,55,43.52700385223367,Two-Year,0,0.01
1094,2024-10-27,12,131.07006213804527,Two-Year,0,0.16
1095,2024-03-05,46,83.99612133824452,Monthly,1,0.78
1096,2024-12-10,56,52.14003967241302,Monthly,0,0.02
1097,2024-11-22,19,133.19748716542648,One-Year,0,0.11
1098,2024-01-09,51,77.88968315034651,Two-Year,0,0.05
1099,2024-12-09,33,86.92625601085973,Two-Year,1,0.58
1100,2024-05-08,37,66.70033802196954,Monthly,0,0.01
1101,2024-05-15,56,97.08361068654057,Two-Year,0,0.02
1102,2024-03-03,34,41.25810343605296,One-Year,0,0.52
1103,2024-05-18,43,70.84059976472889,Two-Year,0,0.07
1104,2024-03-21,31,146.02360190358738,Monthly,0,0.01
1105,2024-06-11,40,53.55734625114658,Monthly,0,0.11
1106,2024-10-15,33,105.37576639036799,One-Year,0,0.22
1107,2024-09-17,42,62.274708349210336,One-Year,0,0.04
1108,2024-08-18,37,120.55150633925808,Two-Year,0,0.06
1109,2024-02-10,41,37.01357589338548,Two-Year,0,0.05
1110,2024-01-28,31,146.07673586021082,Monthly,0,0.01
1111,2024-05-14,59,78.99264037987311,One-Year,0,0.09
1112,2024-07-19,37,50.68656023504032,One-Year,0,0.04
1113,2024-11-23,8,29.554577152901643,One-Year,1,0.76
1114,2024-09-24,26,42.0685276613803,Two-Year,0,0.13
1115,2024-02-02,6,87.57061331228229,One-Year,0,0.17
1116,2024-02-17,14,63.810412936067216,Monthly,0,0.03
1117,2024-03-02,9,127.75483756473923,Monthly,1,0.75
1118,2024-08-03,14,76.01537807603478,Two-Year,0,0.04
1119,2024-10-19,37,52.33285543639189,Two-Year,0,0.01
1120,2024-04-08,58,100.22884825852391,One-Year,0,0.03
1121,2024-06-20,42,111.88103819510796,Two-Year,0,0.23
1122,2024-12-25,17,41.715448027123486,Monthly,0,0.17
1123,2024-08-01,35,41.79049811748129,One-Year,0,0.24
1124,2024-02-04,51,24.767285501360586,Monthly,0,0.03
1125,2024-08-14,40,115.73226195853327,One-Year,1,0.66
1126,2024-04-10,49,106.29458859083466,Two-Year,0,0.02
1127,2024-05-10,28,81.7020138474758,One-Year,0,0.18
1128,2024-09-13,56,129.74215836599564,One-Year,0,0.0
1129,2024-01-05,19,124.7371198835069,Monthly,0,0.0
1130,2024-08-05,33,96.09606737157777,Monthly,0,0.02
1131,2024-09-11,12,132.87526646672362,One-Year,0,0.11
1132,2024-12-24,9,46.75935730477987,Two-Year,0,0.07
1133,2024-10-09,33,34.549550521704624,Two-Year,1,0.62
1134,2024-07-25,51,55.06744949720865,Monthly,1,0.74
1135,2024-01-15,8,27.42129129161093,Two-Year,0,0.01
1136,2024-12-11,16,89.05203864013416,Monthly,0,0.04
1137,2024-02-11,49,141.758739998345,Two-Year,1,0.01
1138,2024-06-27,6,25.114660286906254,One-Year,0,0.51
1139,2024-03-03,31,35.87428882130348,Monthly,1,0.63
1140,2024-12-17,35,78.78587367684659,Monthly,0,0.06
1141,2024-08-18,55,141.40375227862762,One-Year,0,0.04
1142,2024-08-28,55,61.10029364697757,Monthly,0,0.12
1143,2024-02-21,40,85.94052512949102,Two-Year,0,0.17
1144,2024-04-05,40,25.404471676550973,Two-Year,0,0.02
1145,2024-08-09,30,39.28461612507155,Monthly,0,0.25
1146,2024-08-18,47,148.2619159846501,Two-Year,0,0.04
1147,2024-08-24,31,145.46543053668591,Monthly,0,0.01
1148,2024-05-22,9,20.64219752147325,One-Year,0,0.19
1149,2024-06-19,24,143.73553210502106,Monthly,1,0.57
1150,2024-01-29,15,103.08559191601505,One-Year,0,0.02
1151,2024-02-05,14,132.82937828760288,Two-Year,1,0.66
1152,2024-01-13,44,79.11618123240169,One-Year,0,0.22
1153,2024-06-08,42,87.02748371530254,Two-Year,0,0.06
1154,2024-11-22,10,83.55005543339962,Monthly,1,0.77
1155,2024-07-05,12,106.69235348099356,Two-Year,0,0.02
1156,2024-08-30,27,38.15466311832068,Monthly,0,0.12
1157,2024-03-26,51,23.896566683448135,Monthly,0,0.02
1158,2024-10-10,30,60.03089240685482,One-Year,0,0.0
1159,2024-03-06,50,111.60849915576406,One-Year,0,0.22
1160,2024-06-18,47,46.240948775983284,One-Year,1,0.75
1161,2024-02-14,16,107.54621633223925,One-Year,0,0.01
1162,2024-03-02,30,146.08856599394517,Two-Year,0,0.09
1163,2024-05-13,17,32.20709305262439,Two-Year,0,0.16
1164,2024-10-10,44,107.43827536926642,Two-Year,0,0.17
1165,2024-01-28,22,77.68752850959424,Monthly,0,0.16
1166,2024-04-17,29,132.85849306907568,Two-Year,0,0.08
1167,2024-02-13,37,43.029472628160164,Two-Year,0,0.0
1168,2024-12-05,51,110.04137378940139,Two-Year,0,0.01
1169,2024-10-12,44,128.95498765425432,One-Year,0,0.03
1170,2024-11-26,47,142.799848531623,Two-Year,0,0.04
1171,2024-05-07,16,108.82224367765396,Monthly,0,0.12
1172,2024-12-13,48,84.63271932109555,One-Year,0,0.04
1173,2024-08-18,40,100.3201412261578,Monthly,1,0.76
1174,2024-07-08,52,132.95764798223337,Two-Year,0,0.03
1175,2024-08-12,8,94.17926706304786,One-Year,0,0.13
1176,2024-10-09,9,23.950317760588792,Monthly,0,0.22
1177,2024-04-30,41,141.0233304159071,Two-Year,0,0.17
1178,2024-04-25,12,109.63847763410294,Monthly,0,0.23
1179,2024-08-20,46,107.94674015104205,Monthly,0,0.11
1180,2024-09-15,53,48.03776981170323,Monthly,0,0.22
1181,2024-12-24,32,105.65511113024543,Two-Year,0,0.07
1182,2024-07-16,35,71.2023727350406,Two-Year,0,0.05
1183,2024-05-16,13,104.66028701539398,Monthly,0,0.06
1184,2024-11-13,58,33.857093940038794,One-Year,0,0.0
1185,2024-06-13,55,105.51988959839468,One-Year,0,0.02
1186,2024-08-12,33,149.92378435018665,Two-Year,1,0.77
1187,2024-11-02,18,26.267565051872282,Two-Year,1,0.66
1188,2024-08-21,44,147.03264394877124,Two-Year,1,0.56
1189,2024-06-20,45,72.89803489397318,Two-Year,1,0.78
1190,2024-05-31,26,133.1979485438437,Two-Year,1,0.67
1191,2024-11-10,15,121.71011292757555,One-Year,0,0.02
1192,2024-06-08,27,93.71211392826682,Two-Year,0,0.1
1193,2024-04-05,5,115.99839720267245,Monthly,0,0.01
1194,2024-08-20,50,134.20702296917523,Monthly,0,0.27
1195,2024-06-28,41,72.53824181463429,One-Year,0,0.02
1196,2024-04-22,25,62.51431100322103,Monthly,0,0.28
1197,2024-11-13,30,106.78714012326601,One-Year,0,0.05
1198,2024-02-21,50,125.01997245236362,One-Year,0,0.02
1199,2024-09-24,40,119.09706752096005,Monthly,1,0.32
1200,2024-10-21,58,123.71577435162249,Two-Year,0,0.01
1201,2024-04-22,27,76.6258309256813,Monthly,0,0.24
1202,2024-04-10,5,126.31844810275281,Monthly,0,0.02
1203,2024-04-22,58,35.6271771981791,One-Year,0,0.0
1204,2024-03-21,59,90.78358273491044,Monthly,1,0.77
1205,2024-07-05,55,20.748625864755805,One-Year,0,0.02
1206,2024-04-22,44,62.19615788703514,Two-Year,1,0.55
1207,2024-01-02,19,67.63999953328172,Two-Year,0,0.04
1208,2024-05-09,25,71.5024499092032,Two-Year,0,0.07
1209,2024-08-07,51,110.41073686968208,Monthly,0,0.05
1210,2024-02-23,13,70.51255316514494,One-Year,0,0.14
1211,2024-12-08,57,78.33017094092898,Two-Year,0,0.39
1212,2024-08-11,13,50.88073701366257,One-Year,0,0.01
1213,2024-08-12,14,68.52273291181422,One-Year,0,0.06
1214,2024-05-05,56,49.54505154420969,Two-Year,1,0.01
1215,2024-05-09,57,29.515470089897672,Two-Year,0,0.16
1216,2024-02-22,30,98.44831713957913,One-Year,1,0.14
1217,2024-06-20,45,106.86766381215212,Two-Year,0,0.05
1218,2024-08-05,39,100.53374498124988,One-Year,0,0.21
1219,2024-06-08,56,80.2542256940744,One-Year,0,0.02
1220,2024-07-16,29,69.37215142329987,Two-Year,0,0.17
1221,2024-09-03,30,132.2333744443373,Monthly,0,0.1
1222,2024-11-19,15,87.48063206770834,Two-Year,0,0.03
1223,2024-07-21,42,82.29364409186502,Monthly,0,0.09
1224,2024-07-02,6,23.33346855483664,One-Year,1,0.74
1225,2024-05-02,11,64.36221759140032,One-Year,0,0.11
1226,2024-09-11,22,69.42543044216143,Monthly,0,0.18
1227,2024-10-20,31,71.84696151659706,One-Year,0,0.01
1228,2024-10-06,38,95.4224079995532,Monthly,0,0.06
1229,2024-11-20,31,89.3683310744942,Monthly,0,0.02
1230,2024-04-07,21,99.0276620631478,One-Year,0,0.28
1231,2024-07-16,47,119.43482400047668,Monthly,0,0.07
1232,2024-08-27,48,125.68814603309215,Two-Year,0,0.01
1233,2024-05-23,55,113.35599990944428,Two-Year,0,0.03
1234,2024-04-06,58,144.21808047414152,One-Year,0,0.0
1235,2024-07-19,28,22.370235747927012,One-Year,1,0.72
1236,2024-05-03,29,45.451138138861,Monthly,1,0.19
1237,2024-07-05,11,20.983173747158474,Monthly,0,0.07
1238,2024-11-21,56,104.1717128400984,Monthly,0,0.17
1239,2024-12-14,10,136.7439713634983,Monthly,0,0.1
1240,2024-09-15,57,51.652698554918906,Two-Year,0,0.12
1241,2024-05-27,28,140.51449082351985,Two-Year,0,0.01
1242,2024-09-08,37,27.83476073764291,One-Year,0,0.01
1243,2024-12-11,53,141.47668348471686,Monthly,0,0.01
1244,2024-05-26,33,65.71094934115247,Monthly,0,0.17
1245,2024-05-27,47,33.18470769839815,One-Year,0,0.09
1246,2024-12-17,26,83.16332869422233,Monthly,1,0.74
1247,2024-07-17,30,53.38095380366603,Monthly,1,0.65
1248,2024-11-03,32,57.03347725504997,Monthly,0,0.2
1249,2024-05-07,54,59.947695440417256,Monthly,1,0.74
1250,2024-02-08,25,124.39336671824624,Monthly,1,0.79
1251,2024-12-03,53,90.09096596778308,One-Year,0,0.04
1252,2024-12-25,11,60.470000890280474,Monthly,0,0.13
1253,2024-05-08,21,99.34339183041939,One-Year,0,0.22
1254,2024-09-23,24,113.09958764901516,Monthly,1,0.82
1255,2024-05-30,45,55.44112009535939,Two-Year,1,0.45
1256,2024-10-24,53,73.7613831982957,Two-Year,0,0.03
1257,2024-04-08,24,35.84519213380318,Two-Year,0,0.49
1258,2024-09-19,58,43.54941543950844,Two-Year,0,0.02
1259,2024-09-08,26,108.54532101544777,One-Year,0,0.05
1260,2024-05-23,32,43.5869852004315,One-Year,0,0.3
1261,2024-12-11,44,88.27123987671783,Monthly,1,0.47
1262,2024-04-21,53,112.17601402391625,Two-Year,0,0.01
1263,2024-02-29,11,33.8940000023167,One-Year,1,0.71
1264,2024-01-02,5,93.75058855175746,Monthly,1,0.67
1265,2024-10-30,36,53.353161881177286,Monthly,0,0.19
1266,2024-09-10,17,145.18049378088537,One-Year,0,0.33
1267,2024-05-19,34,82.86093407359022,Two-Year,0,0.05
1268,2024-02-06,27,124.77903147077055,Monthly,0,0.14
1269,2024-06-08,55,91.52945048031403,Two-Year,0,0.02
1270,2024-01-09,23,25.643629271126493,Two-Year,0,0.14
1271,2024-08-20,36,102.30967882722291,Two-Year,0,0.01
1272,2024-04-08,34,143.68243448686542,Monthly,0,0.04
1273,2024-05-26,33,98.20953661902305,Two-Year,0,0.12
1274,2024-10-30,53,126.49455172548272,Monthly,0,0.03
1275,2024-07-26,49,134.946840235293,Two-Year,0,0.06
1276,2024-05-10,33,49.650370353361225,Monthly,0,0.24
1277,2024-05-31,34,47.565829188069465,Two-Year,0,0.08
1278,2024-02-23,20,99.42752855062892,One-Year,0,0.38
1279,2024-04-29,44,73.4337010748716,Two-Year,0,0.19
1280,2024-06-09,23,129.18196937267365,Two-Year,0,0.1
1281,2024-04-25,22,137.00300604174146,Monthly,0,0.05
1282,2024-03-15,5,65.94477930935335,Monthly,0,0.31
1283,2024-04-22,18,50.793172666682665,Two-Year,1,0.75
1284,2024-04-13,55,121.46831698170203,One-Year,0,0.02
1285,2024-12-05,51,55.72478462125769,One-Year,0,0.01
1286,2024-09-10,54,126.93986140677819,Monthly,0,0.05
1287,2024-08-14,6,75.08597297433917,One-Year,0,0.1
1288,2024-04-21,58,106.78148690789116,Two-Year,0,0.03
1289,2024-04-08,32,32.41959079850686,Monthly,0,0.11
1290,2024-06-01,53,101.10171220795449,Two-Year,0,0.06
1291,2024-12-14,54,78.72979823583978,Monthly,0,0.03
1292,2024-12-03,34,96.25910021281163,Monthly,0,0.19
1293,2024-07-12,42,41.841847006832246,Monthly,0,0.29
1294,2024-11-05,55,115.79358684274368,Monthly,0,0.1
1295,2024-06-11,8,132.1636200806197,One-Year,1,0.1
1296,2024-07-26,5,48.17617401180084,Two-Year,0,0.23
1297,2024-06-17,12,32.44289221762102,Two-Year,0,0.21
1298,2024-06-09,33,23.073016186023732,Two-Year,0,0.17
1299,2024-03-08,59,103.45629505762459,Monthly,0,0.8
1300,2024-10-15,43,98.9222246915415,One-Year,0,0.32
1301,2024-10-03,7,91.0706636528291,Two-Year,0,0.02
1302,2024-10-30,36,50.1531224950768,One-Year,0,0.04
1303,2024-05-14,14,70.81777946771692,Monthly,0,0.01
1304,2024-07-13,14,97.2819235742025,Two-Year,0,0.05
1305,2024-05-07,23,84.57969165169202,One-Year,0,0.18
1306,2024-02-02,50,148.41211762793534,Monthly,1,0.71
1307,2024-06-24,38,37.737167832375306,One-Year,0,0.01
1308,2024-01-22,37,110.3687920261872,Two-Year,0,0.01
1309,2024-08-25,27,72.56143985355797,Two-Year,0,0.17
1310,2024-06-06,59,75.66594994032991,Monthly,0,0.36
1311,2024-02-07,32,113.28770953556291,Monthly,0,0.22
1312,2024-08-17,36,110.01669967216806,Monthly,0,0.14
1313,2024-12-30,54,148.86327918128447,One-Year,0,0.08
1314,2024-02-20,11,36.69125762903628,One-Year,0,0.05
1315,2024-09-20,33,33.534254419941625,One-Year,0,0.22
1316,2024-10-09,12,114.16404622673635,Monthly,0,0.08
1317,2024-01-27,5,95.19029921083319,Two-Year,1,0.68
1318,2024-08-13,59,55.64088665277476,Two-Year,0,0.01
1319,2024-10-03,7,30.32451796856826,One-Year,0,0.66
1320,2024-10-12,28,31.13557244753597,One-Year,0,0.61
1321,2024-04-06,27,136.24481370633538,Two-Year,0,0.0
1322,2024-10-10,12,44.94275221343658,Two-Year,1,0.18
1323,2024-11-12,58,62.0383030750177,One-Year,0,0.0
1324,2024-10-30,51,49.46533228950844,One-Year,0,0.01
1325,2024-05-26,41,66.14951975815185,Two-Year,0,0.25
1326,2024-01-04,7,29.02509955699214,Monthly,0,0.21
1327,2024-02-04,55,87.47777281807515,One-Year,0,0.01
1328,2024-07-10,37,28.789633266987938,Two-Year,0,0.0
1329,2024-02-18,32,124.04634601690701,Two-Year,0,0.28
1330,2024-01-17,51,50.38257064835629,Two-Year,0,0.02
1331,2024-06-20,12,90.20154889858638,Two-Year,0,0.01
1332,2024-08-07,38,134.41028138298958,Monthly,1,0.76
1333,2024-06-06,39,104.61405797613524,Two-Year,1,0.1
1334,2024-02-15,36,89.28451225167359,One-Year,1,0.67
1335,2024-01-06,28,62.16338790499883,Monthly,0,0.12
1336,2024-04-08,18,63.29024869756573,Two-Year,0,0.25
1337,2024-08-20,36,107.03330417576471,Monthly,1,0.6
1338,2024-02-06,50,149.2381169587518,One-Year,0,0.03
1339,2024-10-06,47,106.03909468041923,Two-Year,0,0.03
1340,2024-12-14,20,92.51184425810324,One-Year,1,0.82
1341,2024-10-28,8,114.98456633110199,Two-Year,1,0.62
1342,2024-06-29,56,80.47672959688336,Two-Year,0,0.0
1343,2024-04-04,41,27.818504538102076,Two-Year,0,0.0
1344,2024-04-08,58,93.09858606412827,Two-Year,0,0.01
1345,2024-07-06,25,144.49128698569945,Two-Year,1,0.64
1346,2024-04-25,18,42.789382506495755,Monthly,1,0.82
1347,2024-07-09,35,109.70063580668655,Two-Year,0,0.05
1348,2024-09-09,59,46.12137952567734,Two-Year,0,0.02
1349,2024-06-09,52,89.65759898150057,Monthly,1,0.59
1350,2024-09-12,22,32.56793845407355,Monthly,0,0.05
1351,2024-11-18,11,78.54822171356406,Monthly,0,0.04
1352,2024-05-07,14,118.30123275638199,Monthly,1,0.06
1353,2024-01-18,11,65.18429815106768,Monthly,0,0.11
1354,2024-10-07,37,106.43852418333834,Monthly,0,0.11
1355,2024-08-10,27,123.4084949026648,Two-Year,0,0.13
1356,2024-02-23,25,140.53311653232885,Two-Year,0,0.34
1357,2024-02-27,23,50.50347064120896,One-Year,1,0.59
1358,2024-11-18,52,71.91106905521005,Two-Year,0,0.02
1359,2024-12-25,23,39.814081732954264,Two-Year,1,0.66
1360,2024-06-22,40,149.02285528058877,Monthly,0,0.37
1361,2024-10-06,33,140.5101258301584,Monthly,0,0.01
1362,2024-04-23,22,90.19442693647275,Two-Year,0,0.19
1363,2024-10-14,6,129.46432826893476,One-Year,0,0.12
1364,2024-12-07,5,87.72453704536548,Monthly,0,0.44
1365,2024-05-30,51,101.06613944035877,Two-Year,0,0.06
1366,2024-05-06,9,31.58617617508216,Two-Year,0,0.15
1367,2024-06-03,24,118.18515466458503,One-Year,0,0.03
1368,2024-09-29,15,36.602752872580524,One-Year,0,0.07
1369,2024-04-13,46,127.3887919328287,Monthly,0,0.04
1370,2024-10-25,6,121.66365139715016,One-Year,0,0.03
1371,2024-09-02,7,112.13681070658694,Two-Year,0,0.09
1372,2024-06-24,27,24.700849468219076,Two-Year,0,0.4
1373,2024-02-08,59,59.40668627289272,One-Year,0,0.01
1374,2024-06-18,16,54.20463408840957,One-Year,0,0.01
1375,2024-09-03,24,66.81773297129749,One-Year,0,0.01
1376,2024-01-26,9,31.39355707929901,One-Year,1,0.77
1377,2024-12-20,41,141.80451699403818,Monthly,0,0.03
1378,2024-11-01,42,91.99429129260892,One-Year,0,0.14
1379,2024-01-13,34,59.71816038554306,Monthly,0,0.13
1380,2024-11-11,13,71.60759721965684,Two-Year,0,0.12
1381,2024-11-08,38,78.13633026562863,One-Year,0,0.09
1382,2024-02-05,57,98.07726333688025,Monthly,1,0.82
1383,2024-06-21,48,87.03832560054471,One-Year,0,0.08
1384,2024-01-20,39,139.52095651787425,Two-Year,1,0.57
1385,2024-11-16,56,84.60525277775794,Two-Year,0,0.0
1386,2024-09-20,26,148.98054192703066,Two-Year,0,0.24
1387,2024-05-21,48,130.68524450686243,One-Year,0,0.0
1388,2024-05-22,28,47.106366866453655,One-Year,0,0.14
1389,2024-04-01,21,140.9773779037091,Monthly,0,0.01
1390,2024-12-19,14,35.12763172511189,Two-Year,0,0.28
1391,2024-11-17,34,126.2684621038549,One-Year,0,0.02
1392,2024-10-14,50,69.48102815195541,Two-Year,1,0.65
1393,2024-08-02,27,134.13666165785904,Two-Year,0,0.05
1394,2024-12-07,36,132.84736971396853,Monthly,1,0.6
1395,2024-02-20,21,124.77030201529075,Monthly,0,0.01
1396,2024-06-01,54,122.70395671991798,Monthly,0,0.1
1397,2024-07-04,55,59.608288082745304,Monthly,0,0.15
1398,2024-03-03,21,30.51950679666278,Two-Year,1,0.74
1399,2024-07-08,18,72.38742323947099,Monthly,0,0.29
1400,2024-05-04,13,42.55818694824613,Monthly,0,0.03
1401,2024-05-29,44,110.34364155732003,Monthly,0,0.03
1402,2024-11-09,6,64.99296444991212,Monthly,0,0.21
1403,2024-02-27,49,146.82932611178893,Two-Year,0,0.03
1404,2024-12-07,29,103.32637005489316,Monthly,0,0.03
1405,2024-10-31,43,126.92247327246692,Two-Year,0,0.09
1406,2024-06-28,13,37.228207456440295,One-Year,0,0.03
1407,2024-06-18,58,132.06188269544094,Two-Year,0,0.01
1408,2024-11-21,26,139.95843476674128,Two-Year,0,0.08
1409,2024-09-27,47,83.31804944646166,Monthly,0,0.64
1410,2024-02-23,50,98.81288190762707,One-Year,1,0.63
1411,2024-04-10,8,119.4252741173894,One-Year,0,0.02
1412,2024-09-20,30,42.729021543853634,One-Year,0,0.25
1413,2024-02-22,33,85.33358994024752,One-Year,0,0.09
1414,2024-02-29,49,71.82619361040071,Two-Year,0,0.08
1415,2024-04-17,38,39.028618981092386,One-Year,0,0.24
1416,2024-01-05,27,67.77947489789909,Two-Year,1,0.67
1417,2024-04-12,41,28.862400220114164,Two-Year,0,0.0
1418,2024-07-14,15,23.355547903433308,Two-Year,1,0.77
1419,2024-09-18,10,37.57161759012696,One-Year,0,0.03
1420,2024-12-30,22,145.2049645065926,Monthly,0,0.06
1421,2024-12-15,25,91.43883966635221,Monthly,0,0.05
1422,2024-02-16,46,145.5568809499186,One-Year,1,0.76
1423,2024-12-20,40,76.22472418291716,Monthly,0,0.13
1424,2024-11-06,45,60.53609730108374,Monthly,0,0.27
1425,2024-11-03,42,85.79844216923173,Two-Year,0,0.04
1426,2024-05-23,38,77.13651952227832,Two-Year,0,0.18
1427,2024-09-25,21,33.73640895402671,One-Year,0,0.2
1428,2024-05-03,41,103.30742090972682,One-Year,0,0.2
1429,2024-04-15,29,48.08496372624795,Monthly,0,0.06
1430,2024-06-06,42,100.54643413671785,Two-Year,0,0.29
1431,2024-05-26,16,104.52614201175994,One-Year,0,0.01
1432,2024-05-24,27,39.76323090672425,One-Year,1,0.84
1433,2024-04-29,57,27.975451524386862,One-Year,0,0.03
1434,2024-11-14,46,121.49900618889717,One-Year,0,0.04
1435,2024-10-01,26,79.77405509001161,One-Year,0,0.15
1436,2024-04-01,25,27.56129341571185,One-Year,0,0.13
1437,2024-02-27,31,149.33262123206973,Monthly,0,0.55
1438,2024-12-11,35,27.511472929527663,Two-Year,0,0.01
1439,2024-08-16,10,110.35457975161191,Two-Year,0,0.0
1440,2024-04-26,31,147.87826028424377,One-Year,0,0.43
1441,2024-11-13,44,51.09341354807033,Two-Year,0,0.09
1442,2024-10-05,38,38.4924179293355,Two-Year,0,0.02
1443,2024-05-06,16,35.78004212491575,Two-Year,1,0.83
1444,2024-05-08,49,59.42576918378742,One-Year,0,0.04
1445,2024-02-27,57,33.13595543138407,One-Year,0,0.03
1446,2024-05-01,11,109.98097442023715,Two-Year,0,0.0
1447,2024-01-01,14,28.097933756908148,Two-Year,0,0.1
1448,2024-08-26,49,86.22487665947266,One-Year,0,0.07
1449,2024-10-16,21,149.570591000887,Monthly,1,0.82
1450,2024-04-05,30,125.81613503578245,Two-Year,1,0.66
1451,2024-05-05,25,99.97852697003141,Monthly,0,0.04
1452,2024-04-27,32,59.81297070225952,Two-Year,1,0.31
1453,2024-02-17,50,101.106458717913,Monthly,1,0.84
1454,2024-03-29,6,88.51539030851471,Monthly,1,0.62
1455,2024-08-24,58,75.3908399057483,Monthly,1,0.74
1456,2024-09-28,47,36.99234897622593,One-Year,0,0.09
1457,2024-07-07,5,135.25854798126068,Monthly,0,0.14
1458,2024-07-10,55,78.47200434677193,Monthly,0,0.03
1459,2024-03-09,57,45.30092653669946,Monthly,0,0.06
1460,2024-10-04,40,67.80871561404766,Two-Year,1,0.79
1461,2024-12-14,55,73.83686782876052,Monthly,0,0.03
1462,2024-09-03,30,127.57992642369366,Two-Year,0,0.12
1463,2024-03-16,33,115.36986947298226,Monthly,1,0.06
1464,2024-06-02,25,120.00963617337418,Monthly,1,0.83
1465,2024-05-23,15,21.434064375724137,One-Year,1,0.82
1466,2024-03-26,44,74.100019763369,Two-Year,0,0.09
1467,2024-07-03,15,82.57473971259208,Monthly,0,0.17
1468,2024-10-11,40,22.49499598699737,Two-Year,0,0.02
1469,2024-08-07,53,53.775717136854446,Two-Year,0,0.01
1470,2024-03-09,43,118.83767700587755,One-Year,0,0.07
1471,2024-02-16,44,37.82426174476988,One-Year,0,0.02
1472,2024-04-03,39,89.59031708883691,One-Year,1,0.72
1473,2024-08-25,58,47.97624336224088,One-Year,0,0.02
1474,2024-07-22,38,21.575700703706126,One-Year,0,0.08
1475,2024-08-05,59,51.35618948794039,One-Year,0,0.0
1476,2024-12-06,51,146.863588138307,One-Year,0,0.01
1477,2024-02-08,28,124.19982454478864,One-Year,0,0.05
1478,2024-04-09,58,144.74496376173434,Monthly,0,0.14
1479,2024-10-15,26,83.42102571042712,Two-Year,0,0.04
1480,2024-09-10,9,34.265705828075454,One-Year,0,0.71
1481,2024-08-09,37,91.23473356658009,One-Year,0,0.16
1482,2024-12-22,40,79.06905349279492,Two-Year,1,0.63
1483,2024-01-23,51,129.76642075615007,Monthly,0,0.02
1484,2024-09-06,24,32.750735501951795,Two-Year,0,0.08
1485,2024-01-10,23,83.47134781283117,Two-Year,0,0.02
1486,2024-09-02,39,39.50632641021795,One-Year,1,0.74
1487,2024-11-20,56,62.207870495707795,Two-Year,0,0.1
1488,2024-04-09,47,115.85642006041395,Two-Year,0,0.04
1489,2024-10-16,21,81.88235681793965,One-Year,1,0.76
1490,2024-06-28,49,68.86547706895001,One-Year,0,0.27
1491,2024-08-10,47,71.2819162141046,One-Year,0,0.27
1492,2024-09-06,38,79.72807989277825,One-Year,0,0.11
1493,2024-05-26,13,122.0521506988174,Two-Year,0,0.16
1494,2024-04-05,30,135.97100956223048,Two-Year,0,0.02
1495,2024-09-13,6,144.19350924551068,Monthly,0,0.14
1496,2024-11-20,57,122.29744021318837,Monthly,1,0.74
1497,2024-01-04,13,61.00289644724165,Two-Year,1,0.64
1498,2024-01-16,13,109.45751179125048,Monthly,0,0.06
1499,2024-10-06,44,76.88840612720095,Two-Year,0,0.09
1500,2024-12-01,21,53.107180865986656,Monthly,0,0.2
1501,2024-09-03,5,129.31330532536992,One-Year,1,0.65
1502,2024-09-14,29,24.99542536510225,Monthly,1,0.75
1503,2024-06-08,47,137.22905897760506,One-Year,0,0.13
1504,2024-12-05,44,79.99207040121544,One-Year,1,0.65
1505,2024-05-31,46,102.83619198507645,One-Year,0,0.02
1506,2024-06-26,29,105.71600988675175,One-Year,0,0.17
1507,2024-06-11,43,136.36530629184972,Monthly,0,0.09
1508,2024-02-02,39,102.76705868173696,Two-Year,0,0.03
1509,2024-06-27,7,99.81136601880803,One-Year,0,0.01
1510,2024-04-10,54,28.664765272889696,Monthly,0,0.03
1511,2024-09-24,41,87.39304285287653,One-Year,0,0.13
1512,2024-11-18,48,39.52197010621542,Monthly,1,0.69
1513,2024-03-05,48,115.86638993379313,Monthly,0,0.03
1514,2024-06-16,55,86.58884970564769,Monthly,0,0.19
1515,2024-11-25,34,108.42961129708593,Two-Year,0,0.08
1516,2024-02-12,42,25.417477078309954,Monthly,0,0.04
1517,2024-02-13,38,31.02296208595442,Monthly,0,0.1
1518,2024-10-11,16,113.1220404481487,Two-Year,0,0.19
1519,2024-01-12,23,29.37096367982754,Two-Year,0,0.13
1520,2024-04-04,41,29.26337460948362,Monthly,0,0.0
1521,2024-10-28,48,21.57410178053537,Two-Year,0,0.0
1522,2024-09-09,53,144.3451817789324,One-Year,0,0.02
1523,2024-08-29,21,115.8760867296709,One-Year,0,0.14
1524,2024-02-04,14,65.92268310526833,Two-Year,0,0.06
1525,2024-08-02,59,58.54962556739518,Two-Year,0,0.0
1526,2024-12-02,53,65.46141986696044,Monthly,1,0.67
1527,2024-03-30,51,120.70495905355364,Two-Year,0,0.01
1528,2024-09-20,16,105.97817943915388,Monthly,0,0.12
1529,2024-04-02,20,44.07542382277083,One-Year,0,0.64
1530,2024-03-30,28,42.634213593430964,Two-Year,0,0.34
1531,2024-04-24,23,32.79143446274165,Monthly,0,0.03
1532,2024-04-14,12,105.83935356117395,Monthly,1,0.67
1533,2024-07-14,35,119.36844608882568,One-Year,1,0.57
1534,2024-11-09,25,54.45603568225052,Two-Year,1,0.68
1535,2024-04-23,21,22.722844934018667,One-Year,0,0.62
1536,2024-03-15,27,30.682316771935554,Monthly,0,0.02
1537,2024-08-04,41,145.82180452985398,Monthly,0,0.04
1538,2024-10-03,58,58.407821072064635,Two-Year,0,0.01
1539,2024-09-05,20,119.99900921895737,Monthly,0,0.08
1540,2024-06-12,10,101.2062639510543,Two-Year,0,0.0
1541,2024-12-22,12,69.65215315487646,One-Year,1,0.63
1542,2024-07-10,29,46.73934408542216,Two-Year,0,0.08
1543,2024-08-14,22,35.78023436072284,Two-Year,0,0.58
1544,2024-06-25,29,99.95168584505267,Monthly,0,0.04
1545,2024-04-08,16,120.70239148291243,Monthly,0,0.1
1546,2024-02-05,19,103.70755296034699,Two-Year,0,0.03
1547,2024-04-05,30,88.93927732239058,Monthly,0,0.04
1548,2024-05-31,45,25.453659046112715,Monthly,0,0.03
1549,2024-05-30,49,145.9035410872699,Monthly,0,0.1
1550,2024-07-08,30,123.8328449150947,Two-Year,1,0.49
1551,2024-08-11,51,58.06686477112542,Monthly,1,0.81
1552,2024-02-06,36,147.39614281665058,Two-Year,0,0.19
1553,2024-09-24,14,98.24460665272187,Monthly,0,0.01
1554,2024-07-01,20,95.71494556694205,One-Year,1,0.86
1555,2024-01-13,11,117.24951332583917,Monthly,1,0.04
1556,2024-10-05,21,125.53007245171788,Monthly,0,0.05
1557,2024-08-04,27,105.34221895309534,Two-Year,0,0.05
1558,2024-12-20,30,36.652447027606,Two-Year,0,0.22
1559,2024-12-26,25,63.97477577928479,Monthly,1,0.76
1560,2024-10-12,26,140.65087324238647,One-Year,1,0.34
1561,2024-09-29,11,49.20002953970075,Monthly,0,0.14
1562,2024-03-02,18,68.38171309887673,Monthly,1,0.67
1563,2024-03-24,19,76.16999478274548,One-Year,0,0.08
1564,2024-08-04,57,77.12264866027878,Two-Year,1,0.6
1565,2024-12-07,11,99.68214572428832,Monthly,0,0.12
1566,2024-07-05,13,142.599858906812,Two-Year,1,0.78
1567,2024-01-19,55,51.290052538225645,Two-Year,0,0.0
1568,2024-06-25,52,35.79517891911935,One-Year,0,0.0
1569,2024-04-09,12,45.67116368179185,One-Year,0,0.11
1570,2024-08-20,54,135.30023702720504,Two-Year,1,0.65
1571,2024-03-16,27,103.95540564517678,Monthly,1,0.11
1572,2024-09-21,33,57.16788260109082,Two-Year,1,0.69
1573,2024-10-10,22,126.07310206592024,Monthly,1,0.6
1574,2024-07-24,35,131.97809952724668,Monthly,0,0.16
1575,2024-08-10,34,130.04686402973613,One-Year,0,0.01
1576,2024-02-21,56,139.46044937314207,Monthly,0,0.03
1577,2024-12-04,43,52.791332622537006,Monthly,0,0.08
1578,2024-05-23,39,118.15545073701618,Two-Year,0,0.09
1579,2024-03-09,22,79.8701346456382,One-Year,0,0.52
1580,2024-04-08,46,129.459811875708,Monthly,0,0.02
1581,2024-01-25,43,114.70378803100972,Monthly,0,0.05
1582,2024-02-22,21,120.9381680449642,One-Year,0,0.03
1583,2024-05-30,18,105.30103889853929,Two-Year,0,0.21
1584,2024-05-23,35,43.06574003106189,One-Year,1,0.32
1585,2024-02-26,28,90.85349945660198,One-Year,0,0.29
1586,2024-02-08,39,148.00706613818608,Monthly,1,0.75
1587,2024-04-18,48,141.86044864462548,Monthly,0,0.03
1588,2024-06-29,49,25.612585653611518,Two-Year,0,0.0
1589,2024-02-11,38,41.425926044826824,Monthly,1,0.67
1590,2024-07-04,7,37.12474054909305,Monthly,0,0.27
1591,2024-08-10,41,114.37738829808842,One-Year,0,0.37
1592,2024-05-01,47,126.31209288140286,Monthly,0,0.07
1593,2024-05-12,44,47.756477620387344,Two-Year,0,0.11
1594,2024-06-11,30,85.76085008373776,One-Year,0,0.14
1595,2024-08-02,59,129.291393641456,Two-Year,0,0.03
1596,2024-08-08,27,115.26420081961258,One-Year,0,0.19
1597,2024-08-22,48,90.49083671394028,Monthly,0,0.31
1598,2024-11-26,43,96.74519975964047,One-Year,0,0.21
1599,2024-05-25,19,86.0868710991164,One-Year,1,0.73
1600,2024-08-26,53,58.681298671446676,Monthly,0,0.58
1601,2024-03-16,8,93.4528590716721,Monthly,0,0.27
1602,2024-01-09,33,109.55508926651179,Two-Year,1,0.11
1603,2024-03-14,26,133.53197906190502,Two-Year,0,0.26
1604,2024-09-09,29,102.71787601730225,Monthly,0,0.03
1605,2024-08-17,17,118.94579981561054,Monthly,0,0.24
1606,2024-01-07,22,40.80931254409449,Monthly,0,0.06
1607,2024-06-22,37,80.00247167457269,One-Year,0,0.08
1608,2024-05-20,20,21.21311057752213,One-Year,1,0.83
1609,2024-06-16,49,52.06825238781099,One-Year,0,0.06
1610,2024-06-18,46,114.44002296469063,Monthly,0,0.02
1611,2024-10-09,48,148.93529367541726,Two-Year,0,0.03
1612,2024-05-01,6,32.89315294633807,Monthly,0,0.16
1613,2024-07-12,59,72.19426106196747,One-Year,0,0.0
1614,2024-01-05,39,124.00922593089074,One-Year,0,0.18
1615,2024-01-29,46,46.52463250175685,Monthly,0,0.13
1616,2024-06-13,38,92.1610434092972,Monthly,0,0.05
1617,2024-12-04,34,115.29926848385773,One-Year,0,0.11
1618,2024-05-15,59,100.07810853382327,One-Year,0,0.14
1619,2024-12-30,17,44.4432155000041,One-Year,1,0.75
1620,2024-11-16,17,66.19999392914613,Monthly,0,0.28
1621,2024-12-07,22,121.89293198310163,One-Year,0,0.05
1622,2024-05-24,36,92.04944683716217,One-Year,0,0.43
1623,2024-11-22,36,20.679849760578655,Two-Year,0,0.05
1624,2024-08-04,39,118.9287988036522,Monthly,0,0.05
1625,2024-10-27,43,24.59047614223108,Two-Year,0,0.01
1626,2024-05-11,50,116.94539175506017,Two-Year,0,0.07
1627,2024-10-18,56,46.322472821480865,One-Year,1,0.09
1628,2024-03-10,33,144.54955241551943,Monthly,0,0.03
1629,2024-09-08,53,67.83229766927099,One-Year,0,0.02
1630,2024-10-01,33,62.50111012395028,Monthly,1,0.7
1631,2024-12-29,57,39.35544654321781,Two-Year,1,0.66
1632,2024-06-30,48,59.72854801372794,Monthly,1,0.72
1633,2024-06-15,20,133.96459903766606,One-Year,0,0.05
1634,2024-03-31,48,149.52346389154215,One-Year,0,0.11
1635,2024-07-20,51,67.88023896589029,One-Year,0,0.04
1636,2024-12-11,14,78.31938202409054,Monthly,0,0.0
1637,2024-01-19,34,113.86922196635581,Two-Year,0,0.31
1638,2024-02-08,29,135.2054514604597,Two-Year,0,0.0
1639,2024-05-05,43,97.09576344428194,Monthly,1,0.72
1640,2024-06-21,24,70.89834076311782,One-Year,0,0.02
1641,2024-05-20,9,73.64083931032108,Two-Year,1,0.58
1642,2024-08-29,5,110.43035904458489,One-Year,0,0.13
1643,2024-08-07,34,20.418374268556228,Monthly,0,0.13
1644,2024-05-05,53,100.54661386977929,One-Year,0,0.08
1645,2024-02-27,7,66.21409135737646,Two-Year,0,0.31
1646,2024-05-27,49,123.24565306602095,Two-Year,0,0.01
1647,2024-11-12,18,32.08878317700718,One-Year,0,0.28
1648,2024-12-26,34,96.46629470329077,Monthly,1,0.61
1649,2024-01-01,54,82.52647568519609,One-Year,0,0.0
1650,2024-12-13,8,103.50231836767956,Monthly,0,0.31
1651,2024-07-08,22,28.430967282785886,One-Year,0,0.22
1652,2024-07-09,41,95.39789236565707,Two-Year,0,0.16
1653,2024-11-07,29,92.99299643473809,Monthly,0,0.08
1654,2024-04-26,52,92.88581227410222,Monthly,0,0.2
1655,2024-05-13,5,98.45339665753913,Monthly,0,0.21
1656,2024-02-27,57,107.94083183942709,Two-Year,0,0.03
1657,2024-02-13,50,124.64856995850006,One-Year,0,0.02
1658,2024-06-21,19,55.07669361666787,Two-Year,0,0.22
1659,2024-06-08,13,127.25642332340807,Monthly,0,0.01
1660,2024-06-21,19,84.77323869424897,One-Year,0,0.23
1661,2024-11-12,53,30.01757628746305,Two-Year,0,0.03
1662,2024-10-29,28,27.611620801717294,Monthly,0,0.17
1663,2024-05-28,8,63.45098143048791,Monthly,0,0.44
1664,2024-03-20,16,122.03660702449078,Two-Year,1,0.76
1665,2024-07-31,41,111.99852151631904,Two-Year,0,0.33
1666,2024-07-21,41,122.51994540741283,Two-Year,1,0.81
1667,2024-09-08,47,87.24497733740921,Monthly,1,0.76
1668,2024-08-16,10,77.22586973421377,Two-Year,0,0.13
1669,2024-06-12,43,39.16882847181691,Monthly,0,0.23
1670,2024-08-14,50,62.6650579692105,Two-Year,0,0.23
1671,2024-05-26,28,76.42251760260379,Monthly,1,0.07
1672,2024-01-20,15,31.51805585835024,Monthly,0,0.19
1673,2024-02-16,17,48.67955385245746,One-Year,0,0.1
1674,2024-08-20,38,97.76928822828604,Two-Year,0,0.02
1675,2024-10-31,29,115.63620485109467,Two-Year,1,0.69
1676,2024-01-14,11,149.78517648108345,Monthly,1,0.82
1677,2024-05-22,56,141.3047330746625,Monthly,0,0.03
1678,2024-01-01,8,103.5334759395749,Monthly,0,0.31
1679,2024-02-23,12,74.76224692822936,One-Year,0,0.42
1680,2024-09-15,24,102.70305741207025,One-Year,0,0.06
1681,2024-05-23,33,122.13471035043015,Monthly,1,0.72
1682,2024-01-12,58,35.38370482004035,Two-Year,0,0.17
1683,2024-11-25,57,73.28763566051748,Two-Year,0,0.13
1684,2024-08-11,55,129.17429713263024,One-Year,0,0.03
1685,2024-09-28,49,69.89828375129572,One-Year,1,0.6
1686,2024-12-23,50,94.34339525953425,Monthly,1,0.81
1687,2024-06-04,14,96.41001691208577,Two-Year,0,0.04
1688,2024-01-08,47,43.981912907373115,Monthly,0,0.29
1689,2024-05-01,38,67.09060741479749,One-Year,0,0.01
1690,2024-12-13,30,63.48646753645118,Two-Year,0,0.24
1691,2024-06-12,45,23.405572109168425,Two-Year,0,0.09
1692,2024-03-30,53,23.144929305876182,One-Year,0,0.01
1693,2024-05-15,7,128.12061567785054,Monthly,0,0.48
1694,2024-07-04,10,55.49920529646561,Monthly,1,0.81
1695,2024-11-11,9,87.350239611046,Two-Year,0,0.09
1696,2024-06-26,9,58.834324566540495,One-Year,0,0.09
1697,2024-01-28,58,142.28830186499425,Two-Year,0,0.07
1698,2024-08-07,51,53.708578652550585,One-Year,0,0.01
1699,2024-12-22,27,75.85538565606156,Monthly,1,0.62
1700,2024-02-10,53,133.45493256299824,One-Year,0,0.01
1701,2024-08-15,13,129.45136368293512,Monthly,0,0.02
1702,2024-07-10,39,44.19318432001605,One-Year,0,0.33
1703,2024-05-24,24,124.34363027344236,Two-Year,0,0.17
1704,2024-07-19,53,79.56429527592604,Monthly,0,0.21
1705,2024-07-30,46,82.78595337109618,Two-Year,0,0.13
1706,2024-08-07,39,37.35239641407269,Two-Year,0,0.01
1707,2024-08-27,54,30.478196788426203,Monthly,1,0.61
1708,2024-02-15,22,114.63210990658948,Monthly,0,0.16
1709,2024-02-04,21,84.53994980618897,Two-Year,0,0.13
1710,2024-09-09,28,76.79059133997333,Two-Year,1,0.67
1711,2024-03-22,7,114.83606972481158,Two-Year,0,0.18
1712,2024-09-12,36,119.51667686884427,Two-Year,0,0.02
1713,2024-07-15,39,40.65806179701596,Monthly,0,0.19
1714,2024-10-29,42,99.32926943209337,Monthly,0,0.56
1715,2024-01-10,17,37.59603069609912,Two-Year,0,0.4
1716,2024-11-07,51,117.67876118377593,One-Year,0,0.01
1717,2024-10-12,29,105.40417031472813,One-Year,1,0.25
1718,2024-08-29,13,144.35990074084953,Monthly,0,0.01
1719,2024-09-07,8,28.964542126334756,Two-Year,0,0.01
1720,2024-12-30,18,27.41711374966306,Two-Year,0,0.15
1721,2024-01-05,41,56.68431971011602,Monthly,0,0.05
1722,2024-04-28,38,54.02173888566777,One-Year,0,0.17
1723,2024-10-15,15,52.10724387935998,One-Year,0,0.02
1724,2024-03-05,45,137.81309546773477,One-Year,1,0.66
1725,2024-05-25,7,52.44100598043579,Monthly,0,0.23
1726,2024-08-11,32,55.35346439672203,One-Year,0,0.0
1727,2024-08-26,33,118.72177411433528,Monthly,0,0.11
1728,2024-06-25,13,78.4661795185702,Monthly,0,0.0
1729,2024-09-23,7,120.97237240417356,Two-Year,0,0.15
1730,2024-12-06,29,28.497600483370082,One-Year,0,0.13
1731,2024-10-08,38,83.38425517753996,Monthly,0,0.03
1732,2024-03-03,16,24.369768023826744,One-Year,0,0.28
1733,2024-08-04,46,28.14491644919609,One-Year,0,0.0
1734,2024-12-07,13,137.8368689347734,Two-Year,0,0.2
1735,2024-11-10,19,38.10189824528737,One-Year,0,0.12
1736,2024-10-09,44,89.21468869577822,Two-Year,1,0.68
1737,2024-06-25,29,73.44242833809184,Monthly,0,0.09
1738,2024-04-07,9,65.15463241364955,One-Year,0,0.13
1739,2024-04-14,15,136.97833493934542,Monthly,0,0.02
1740,2024-04-08,38,22.837041580813636,One-Year,0,0.05
1741,2024-11-06,28,106.29265920282658,Monthly,0,0.27
1742,2024-01-06,19,145.24127644776155,One-Year,0,0.36
1743,2024-07-15,42,92.82186385003945,One-Year,0,0.16
1744,2024-12-16,12,141.78692006430194,One-Year,1,0.71
1745,2024-05-12,9,26.79352430718309,One-Year,0,0.2
1746,2024-12-23,52,74.44313147964098,One-Year,0,0.01
1747,2024-09-15,30,53.82051282506665,One-Year,0,0.0
1748,2024-01-23,22,115.00672544749487,One-Year,1,0.7
1749,2024-02-22,10,147.56862176464207,One-Year,0,0.11
1750,2024-06-13,41,53.34890811775222,One-Year,0,0.1
1751,2024-07-20,52,105.04269819162968,Monthly,0,0.11
1752,2024-03-23,17,45.75269225876622,Two-Year,0,0.17
1753,2024-05-24,32,93.4929330943093,One-Year,0,0.18
1754,2024-03-25,9,80.3112232694837,Two-Year,1,0.37
1755,2024-03-18,17,146.36069285209982,One-Year,0,0.14
1756,2024-01-01,21,99.10854545054065,One-Year,1,0.63
1757,2024-02-20,54,65.43582837128645,Monthly,0,0.21
1758,2024-06-21,44,34.83245203543134,Monthly,0,0.0
1759,2024-07-23,49,39.66208773554149,Two-Year,0,0.07
1760,2024-09-16,36,49.29120089366056,Monthly,0,0.17
1761,2024-10-14,33,52.625665974238736,Monthly,1,0.68
1762,2024-02-03,55,130.5800875193479,Two-Year,1,0.08
1763,2024-12-13,7,92.95896247672825,Monthly,1,0.62
1764,2024-04-04,44,88.04081847866763,One-Year,0,0.1
1765,2024-03-12,38,34.91995334299827,Two-Year,0,0.18
1766,2024-02-08,44,131.81816013542655,Two-Year,0,0.12
1767,2024-06-02,31,113.96585941710288,One-Year,1,0.74
1768,2024-09-06,17,28.796887047000205,Monthly,0,0.2
1769,2024-06-10,49,112.01856263986993,Two-Year,0,0.0
1770,2024-04-27,37,90.65996825454398,Two-Year,0,0.01
1771,2024-09-15,10,30.624294947081175,One-Year,0,0.39
1772,2024-11-01,28,79.57908339872534,One-Year,1,0.6
1773,2024-09-24,23,83.0105173269061,Monthly,0,0.22
1774,2024-02-23,20,41.55069022122585,Two-Year,0,0.16
1775,2024-08-23,44,142.9407591100367,Monthly,0,0.02
1776,2024-08-09,32,130.49679829248606,Monthly,0,0.1
1777,2024-09-07,37,106.97290385278409,One-Year,0,0.07
1778,2024-11-08,52,80.09842293007894,Two-Year,0,0.0
1779,2024-04-21,45,73.5295204059861,Two-Year,1,0.72
1780,2024-09-11,17,104.62655072962404,Two-Year,1,0.71
1781,2024-10-29,47,90.90614302289771,One-Year,0,0.06
1782,2024-07-25,49,28.09550376464513,One-Year,0,0.01
1783,2024-08-16,29,86.62534434014312,One-Year,1,0.73
1784,2024-12-06,57,124.83247024026913,One-Year,0,0.01
1785,2024-03-06,46,79.70118408760455,One-Year,0,0.23
1786,2024-03-15,40,26.754355082054893,Two-Year,0,0.03
1787,2024-04-12,31,122.21616591992431,Monthly,0,0.18
1788,2024-07-10,42,46.17729167767667,Two-Year,0,0.4
1789,2024-09-08,11,53.62070853544504,Monthly,1,0.61
1790,2024-08-13,9,41.41182594619846,One-Year,0,0.08
1791,2024-10-20,47,62.927958433294684,Monthly,0,0.27
1792,2024-11-01,49,118.37769573952255,Two-Year,0,0.01
1793,2024-04-07,55,87.52016173551185,Two-Year,0,0.01
1794,2024-12-03,35,46.63456563959264,Monthly,0,0.15
1795,2024-10-12,27,134.1179101597653,One-Year,0,0.02
1796,2024-11-30,46,134.3456411436988,One-Year,0,0.14
1797,2024-12-12,14,133.1751952559809,Two-Year,0,0.25
1798,2024-11-03,36,51.04350747960011,Monthly,1,0.61
1799,2024-09-05,47,78.66111474352846,One-Year,1,0.62
1800,2024-06-14,57,148.04865529831375,One-Year,0,0.0
1801,2024-11-30,34,120.36162192029875,Two-Year,0,0.19
1802,2024-01-30,43,23.531764759322776,One-Year,0,0.01
1803,2024-09-03,35,28.476596863863968,Monthly,0,0.06
1804,2024-04-15,22,80.31107898560326,Two-Year,0,0.11
1805,2024-02-20,40,138.19862676200282,Two-Year,0,0.08
1806,2024-03-21,6,90.03123373385284,Monthly,0,0.27
1807,2024-05-12,18,84.71562604445774,Two-Year,1,0.66
1808,2024-10-11,17,33.711580994361974,One-Year,1,0.8
1809,2024-05-17,33,105.38141361415822,One-Year,1,0.61
1810,2024-07-02,16,126.87341087802932,Monthly,0,0.02
1811,2024-11-25,43,69.45460097598311,One-Year,0,0.2
1812,2024-09-29,6,120.82954062029258,Monthly,0,0.1
1813,2024-12-05,36,145.38196500710552,Monthly,0,0.09
1814,2024-03-09,17,46.48963968659958,One-Year,0,0.25
1815,2024-02-03,50,88.03285205531637,Monthly,0,0.4
1816,2024-09-18,31,57.32793455099482,One-Year,0,0.01
1817,2024-02-22,53,123.07107447439911,Two-Year,1,0.01
1818,2024-07-23,45,95.08713756455047,Two-Year,0,0.12
1819,2024-05-05,21,102.49571428153949,Monthly,0,0.02
1820,2024-08-22,44,123.72884075006623,One-Year,0,0.03
1821,2024-02-12,35,71.47616144611914,One-Year,0,0.05
1822,2024-08-27,38,138.96170889291562,Two-Year,0,0.13
1823,2024-04-20,28,89.29375274199819,Two-Year,0,0.35
1824,2024-09-05,49,40.534126968595245,One-Year,0,0.24
1825,2024-05-30,39,110.46688536194432,Monthly,0,0.05
1826,2024-07-01,52,123.12397555697308,Two-Year,0,0.01
1827,2024-12-01,10,61.179018018778464,Monthly,0,0.67
1828,2024-04-04,23,131.4333034098379,Monthly,0,0.17
1829,2024-01-08,34,137.79862311954963,Two-Year,1,0.69
1830,2024-12-25,11,55.99758335911516,Monthly,0,0.6
1831,2024-07-02,14,147.85779145297886,Monthly,0,0.13
1832,2024-10-07,45,38.29249864633859,One-Year,0,0.03
1833,2024-07-13,36,46.26203689232369,Monthly,1,0.63
1834,2024-12-17,38,43.9492291009434,One-Year,1,0.64
1835,2024-07-13,32,136.21866230102316,Two-Year,0,0.07
1836,2024-06-03,19,105.05803180224504,Two-Year,0,0.0
1837,2024-04-02,34,39.77355681889547,One-Year,1,0.81
1838,2024-06-08,41,77.24204438788536,Two-Year,0,0.29
1839,2024-03-01,33,99.98874325907427,Monthly,0,0.02
1840,2024-05-01,26,30.85033104861983,Monthly,0,0.16
1841,2024-02-20,8,134.71412789295402,Monthly,1,0.82
1842,2024-10-03,24,124.46845960739957,Two-Year,1,0.63
1843,2024-01-05,36,85.67688056496297,Monthly,0,0.03
1844,2024-04-01,40,145.72645998369217,Two-Year,0,0.14
1845,2024-06-18,54,74.30892730576296,Monthly,0,0.05
1846,2024-11-12,8,147.9343414747447,One-Year,0,0.12
1847,2024-01-22,31,106.82959984447152,Two-Year,1,0.76
1848,2024-11-21,21,102.50726552301239,Two-Year,0,0.07
1849,2024-01-01,16,41.57413638845205,Monthly,0,0.13
1850,2024-05-12,26,134.65060857960373,Two-Year,0,0.16
1851,2024-08-20,21,75.57365942967996,Two-Year,0,0.07
1852,2024-01-12,14,41.09034275172232,One-Year,0,0.01
1853,2024-12-11,58,21.638977596848676,One-Year,0,0.0
1854,2024-02-15,5,92.76823887298974,Monthly,0,0.29
1855,2024-02-03,26,88.56195087594793,One-Year,0,0.19
1856,2024-03-18,30,113.5159709079906,Monthly,0,0.15
1857,2024-08-05,22,135.73354689231428,Monthly,0,0.05
1858,2024-10-27,54,30.322856003593838,Monthly,0,0.2
1859,2024-03-13,18,115.0945437442471,Two-Year,1,0.86
1860,2024-10-08,51,44.36355273268569,One-Year,1,0.12
1861,2024-09-05,33,131.56301691043132,Monthly,1,0.66
1862,2024-02-16,16,126.4782568020153,One-Year,0,0.04
1863,2024-04-30,40,90.30318814812077,Monthly,1,0.68
1864,2024-08-01,39,112.3315638210305,One-Year,0,0.03
1865,2024-08-26,56,60.86551471388729,One-Year,0,0.0
1866,2024-02-25,16,81.2518268612659,Monthly,0,0.11
1867,2024-12-15,11,126.81279670236131,Two-Year,0,0.11
1868,2024-04-16,33,79.70447563251781,One-Year,0,0.12
1869,2024-11-14,15,66.51377449230743,Two-Year,0,0.07
1870,2024-02-17,37,84.24761814253898,Two-Year,0,0.0
1871,2024-03-01,10,127.67240281683839,Monthly,0,0.14
1872,2024-12-02,51,63.577046158213456,Monthly,0,0.33
1873,2024-01-26,19,42.589007107646694,Monthly,0,0.17
1874,2024-10-18,36,112.5618226430015,One-Year,0,0.04
1875,2024-09-13,55,127.37716765205063,Monthly,1,0.67
1876,2024-01-08,15,33.082872208059335,Monthly,1,0.63
1877,2024-04-22,27,51.183634658272815,One-Year,0,0.1
1878,2024-12-20,30,38.456358668929205,One-Year,0,0.07
1879,2024-09-09,38,65.23238350568167,Monthly,0,0.05
1880,2024-06-28,50,78.54562725770364,Monthly,1,0.3
1881,2024-07-25,38,117.34742380522984,Monthly,0,0.05
1882,2024-10-29,33,104.64918603461764,Monthly,0,0.01
1883,2024-05-06,8,100.72071377219605,Two-Year,0,0.04
1884,2024-02-25,21,65.80874305925508,Two-Year,0,0.04
1885,2024-08-01,39,129.3881819010188,Monthly,0,0.41
1886,2024-01-14,17,81.2673317617614,Two-Year,1,0.76
1887,2024-01-28,45,147.28364194197007,One-Year,0,0.27
1888,2024-03-18,43,102.43847797844579,Two-Year,0,0.12
1889,2024-08-03,19,36.41441640338536,Two-Year,1,0.76
1890,2024-12-30,59,107.90308306980641,Monthly,1,0.81
1891,2024-06-02,33,62.263522006120866,Two-Year,0,0.28
1892,2024-01-14,33,109.22253556919267,Two-Year,0,0.11
1893,2024-07-05,15,29.053349261112746,Two-Year,0,0.37
1894,2024-11-07,56,42.73458683287472,Two-Year,1,0.04
1895,2024-01-07,36,131.24584365775223,One-Year,0,0.06
1896,2024-01-03,6,49.533342413056936,Monthly,1,0.65
1897,2024-04-20,51,128.8153462815822,Monthly,0,0.02
1898,2024-08-25,18,56.305891499073354,One-Year,0,0.01
1899,2024-12-28,24,103.57464830763199,Two-Year,0,0.04
1900,2024-08-26,26,110.23957455627803,One-Year,0,0.06
1901,2024-09-30,15,86.64511790885688,Two-Year,0,0.05
1902,2024-10-20,31,59.69038797057507,One-Year,0,0.01
1903,2024-08-14,7,47.643768928242494,Monthly,0,0.25
1904,2024-01-15,21,24.314616093115408,Monthly,1,0.87
1905,2024-07-10,48,59.51303216129409,Monthly,0,0.25
1906,2024-04-28,32,104.91116276906679,Two-Year,0,0.1
1907,2024-01-28,33,141.97962639830274,Two-Year,0,0.05
1908,2024-07-20,25,133.25658269419677,One-Year,0,0.03
1909,2024-02-08,51,119.58842094958933,One-Year,0,0.0
1910,2024-09-29,20,122.49815462292882,Monthly,0,0.03
1911,2024-08-18,41,106.44803745187939,Two-Year,1,0.67
1912,2024-03-26,24,53.837291483580394,One-Year,0,0.08
1913,2024-05-05,10,137.9353539917579,Two-Year,0,0.13
1914,2024-10-26,23,107.19520054775843,Two-Year,0,0.03
1915,2024-01-25,9,92.85728202745719,Monthly,0,0.53
1916,2024-05-24,7,34.42863099775254,Monthly,0,0.27
1917,2024-01-13,5,78.11722069483531,Two-Year,1,0.79
1918,2024-07-30,42,79.84657525625042,Two-Year,1,0.22
1919,2024-01-25,19,132.3932692379471,Two-Year,0,0.07
1920,2024-03-08,38,91.0642686244125,Two-Year,0,0.01
1921,2024-03-07,39,69.45207136615326,Monthly,0,0.01
1922,2024-08-20,53,146.9840427063857,One-Year,0,0.01
1923,2024-04-18,29,34.39367713242104,Monthly,0,0.11
1924,2024-05-25,28,74.93129568055281,One-Year,0,0.14
1925,2024-04-20,16,25.463207772282686,Two-Year,0,0.57
1926,2024-08-15,22,116.18753569970094,One-Year,0,0.16
1927,2024-04-20,19,139.34995178588957,Monthly,0,0.01
1928,2024-02-03,48,56.404852841563624,Monthly,0,0.13
1929,2024-04-20,20,131.58441798388571,Two-Year,0,0.01
1930,2024-09-20,31,57.98836996004671,Monthly,0,0.23
1931,2024-08-23,12,138.400121013709,Two-Year,1,0.7
1932,2024-03-23,50,118.01504746758191,Monthly,0,0.06
1933,2024-02-11,29,124.63788098938703,Monthly,0,0.11
1934,2024-04-10,21,22.340852228059084,Two-Year,0,0.19
1935,2024-01-06,33,145.16534641962338,One-Year,1,0.72
1936,2024-06-28,57,114.46722896914203,Monthly,0,0.27
1937,2024-10-08,12,59.61764240019733,One-Year,0,0.26
1938,2024-11-15,19,127.8213064316501,Monthly,0,0.01
1939,2024-08-13,31,56.59775579394089,Monthly,0,0.23
1940,2024-11-10,50,133.45799914359662,Monthly,1,0.63
1941,2024-12-30,54,34.63545075355181,Monthly,0,0.14
1942,2024-08-16,56,111.47917706990344,One-Year,1,0.0
1943,2024-10-15,11,90.29080196383835,One-Year,1,0.14
1944,2024-05-29,7,32.549481125407304,Monthly,1,0.68
1945,2024-10-03,33,51.44619767364907,Monthly,0,0.28
1946,2024-07-16,48,21.612524716050924,One-Year,0,0.01
1947,2024-03-10,57,80.93983551038576,Two-Year,0,0.08
1948,2024-04-21,28,59.16448389880005,Two-Year,0,0.73
1949,2024-01-04,7,97.78647295870864,One-Year,0,0.01
1950,2024-12-15,24,58.64091500212023,Monthly,0,0.15
1951,2024-11-26,50,58.98948449590801,Monthly,0,0.25
1952,2024-11-13,19,116.61511583510844,Two-Year,0,0.14
1953,2024-12-15,29,26.25856867718595,Two-Year,1,0.69
1954,2024-04-04,34,137.37634937495835,One-Year,0,0.1
1955,2024-05-31,18,130.7943036708536,Two-Year,1,0.8
1956,2024-11-06,11,106.81460881943285,One-Year,0,0.01
1957,2024-05-16,21,97.11880411395995,Two-Year,1,0.6
1958,2024-09-03,48,135.99932475815478,Two-Year,0,0.04
1959,2024-08-30,24,44.092923338732874,Two-Year,0,0.16
1960,2024-01-31,40,30.26599108480772,Monthly,1,0.06
1961,2024-02-09,13,51.13632208823995,Monthly,0,0.06
1962,2024-08-16,42,123.29517623102474,Monthly,1,0.81
1963,2024-02-05,52,24.50713467444283,Two-Year,0,0.0
1964,2024-08-10,26,95.76488856085365,One-Year,0,0.11
1965,2024-01-06,58,149.4068771048703,One-Year,0,0.04
1966,2024-11-17,57,131.24049219888013,One-Year,0,0.0
1967,2024-08-07,57,87.78793957566663,One-Year,0,0.02
1968,2024-03-15,6,28.273318207263504,Monthly,0,0.14
1969,2024-01-04,28,128.07855687014228,Monthly,0,0.0
1970,2024-11-30,12,97.86720606303737,Two-Year,0,0.0
1971,2024-05-13,15,34.94128961774369,Two-Year,1,0.76
1972,2024-04-27,17,32.20144702703631,One-Year,1,0.83
1973,2024-04-03,21,138.251486526757,Monthly,0,0.0
1974,2024-03-02,12,106.9960341819502,One-Year,0,0.12
1975,2024-07-12,25,127.80728391117822,Two-Year,0,0.43
1976,2024-11-30,22,134.26725703669476,Two-Year,0,0.04
1977,2024-07-21,34,94.33040576628188,One-Year,1,0.69
1978,2024-01-26,22,87.26802572815537,Two-Year,1,0.19
1979,2024-06-21,50,75.95556334172872,One-Year,0,0.45
1980,2024-10-26,51,61.203056412845505,Monthly,1,0.8
1981,2024-05-12,35,76.49747491163254,One-Year,0,0.07
1982,2024-11-21,42,120.60435524492033,Monthly,1,0.79
1983,2024-04-27,36,98.2500460319671,Monthly,0,0.17
1984,2024-11-19,15,136.02802769413,Two-Year,0,0.06
1985,2024-10-01,49,77.6394018692944,Two-Year,0,0.03
1986,2024-07-30,29,98.92164523343803,Two-Year,0,0.37
1987,2024-08-12,37,102.06998190195853,One-Year,0,0.18
1988,2024-01-20,42,96.92063109982232,One-Year,1,0.7
1989,2024-04-22,45,111.34239050111712,Two-Year,0,0.01
1990,2024-05-19,12,50.86635088872482,One-Year,0,0.13
1991,2024-02-16,15,86.60729108095279,Two-Year,0,0.05
1992,2024-01-01,26,33.549224365085195,One-Year,0,0.17
1993,2024-03-30,55,69.98647259382562,Monthly,0,0.01
1994,2024-05-21,28,83.39671892076437,Monthly,0,0.09
1995,2024-11-15,45,104.78915374091142,Two-Year,0,0.01
1996,2024-02-07,21,143.56903683620646,One-Year,0,0.42
1997,2024-10-19,16,98.08463865128627,One-Year,0,0.03
1998,2024-05-18,50,116.66720910295277,Monthly,0,0.06
1999,2024-12-21,36,85.81458773437636,Monthly,1,0.03
2000,2024-11-28,19,102.43352407892307,Two-Year,0,0.01
